Country Name,Country Code,Indicator Name,Indicator Code,2010,2011,2012,2013,2014,2015,2016,2017,2018,2019,2020,2021
Aruba,ABW,Empleos en agricultura (% del total de empleos),SL.AGR.EMPL.ZS,,,,,,,,,,,,
,AFE,Empleos en agricultura (% del total de empleos),SL.AGR.EMPL.ZS,63.48742215,62.88819692,62.18911019,61.86197354,61.27185807,60.7712673,60.41390452,59.99069562,59.5747209,59.25323705,,
Afganistán,AFG,Empleos en agricultura (% del total de empleos),SL.AGR.EMPL.ZS,54.58000183,53.56000137,51.40000153,49.81999969,48.40999985,47.06999969,45.81000137,43.99000168,43.13000107,42.5,,
,AFW,Empleos en agricultura (% del total de empleos),SL.AGR.EMPL.ZS,49.48680568,48.53912603,47.43462322,46.36492881,45.03426648,43.85031516,43.47368271,42.78585625,42.15900844,41.53712195,,
Angola,AGO,Empleos en agricultura (% del total de empleos),SL.AGR.EMPL.ZS,48.88000107,51.22000122,51.22999954,51.18000031,51.13999939,51.15999985,51.15000153,50.99000168,50.90999985,50.72999954,,
Albania,ALB,Empleos en agricultura (% del total de empleos),SL.AGR.EMPL.ZS,42.08000183,45.38999939,46,44.20000076,42.25999832,41.27999878,40.04000092,38.08000183,37.29000092,36.41999817,,
Andorra,AND,Empleos en agricultura (% del total de empleos),SL.AGR.EMPL.ZS,,,,,,,,,,,,
El mundo árabe,ARB,Empleos en agricultura (% del total de empleos),SL.AGR.EMPL.ZS,23.11691125,22.71790444,21.84482713,21.69017137,21.4648574,20.82906768,20.31523213,19.7414036,18.60230756,17.97656579,,
Emiratos Árabes Unidos,ARE,Empleos en agricultura (% del total de empleos),SL.AGR.EMPL.ZS,3.380000114,3.079999924,2.789999962,2.50999999,2.25,2.00999999,1.809999943,1.620000005,1.460000038,1.389999986,,
Argentina,ARG,Empleos en agricultura (% del total de empleos),SL.AGR.EMPL.ZS,1.269999981,0.639999986,0.620000005,0.620000005,0.550000012,0.25999999,0.129999995,0.059999999,0.100000001,0.059999999,,
Armenia,ARM,Empleos en agricultura (% del total de empleos),SL.AGR.EMPL.ZS,38.59999847,38.93000031,37.25,36.27999878,34.83000183,35.33000183,33.59999847,31.34000015,25.78000069,24.04999924,,
Samoa Americana,ASM,Empleos en agricultura (% del total de empleos),SL.AGR.EMPL.ZS,,,,,,,,,,,,
Antigua y Barbuda,ATG,Empleos en agricultura (% del total de empleos),SL.AGR.EMPL.ZS,,,,,,,,,,,,
Australia,AUS,Empleos en agricultura (% del total de empleos),SL.AGR.EMPL.ZS,3.230000019,2.819999933,2.799999952,2.619999886,2.799999952,2.640000105,2.619999886,2.599999905,2.619999886,2.559999943,,
Austria,AUT,Empleos en agricultura (% del total de empleos),SL.AGR.EMPL.ZS,5.210000038,4.940000057,4.679999828,4.579999924,4.840000153,4.53000021,4.349999905,3.930000067,3.690000057,3.660000086,,
Azerbaiyán,AZE,Empleos en agricultura (% del total de empleos),SL.AGR.EMPL.ZS,38.22999954,37.88000107,37.65000153,37.09999847,36.75,36.36000061,36.34000015,36.34999847,36.25999832,36,,
Burundi,BDI,Empleos en agricultura (% del total de empleos),SL.AGR.EMPL.ZS,88.22000122,87.75,87.23999786,86.70999908,86.19000244,86.29000092,86.27999878,86.30999756,86.25,86.20999908,,
Bélgica,BEL,Empleos en agricultura (% del total de empleos),SL.AGR.EMPL.ZS,1.350000024,1.299999952,1.169999957,1.360000014,1.220000029,1.179999948,1.25,1.159999967,0.99000001,0.920000017,,
Benin,BEN,Empleos en agricultura (% del total de empleos),SL.AGR.EMPL.ZS,44.06999969,43.61000061,43.02999878,42.27000046,41.56000137,41.08000183,40.59000015,39.86999893,39.08000183,38.27000046,,
Burkina Faso,BFA,Empleos en agricultura (% del total de empleos),SL.AGR.EMPL.ZS,48.22000122,43.72000122,39.20000076,34.72999954,30.37999916,29.75,28.93000031,28.02000046,27.07999992,26.20999908,,
Bangladesh,BGD,Empleos en agricultura (% del total de empleos),SL.AGR.EMPL.ZS,47.31000137,46.54999924,45.75999832,45.00999832,44.27000046,43.45999908,42.65999985,40.59999847,39.38999939,38.29999924,,
Bulgaria,BGR,Empleos en agricultura (% del total de empleos),SL.AGR.EMPL.ZS,6.820000172,6.78000021,6.440000057,6.659999847,7.010000229,6.860000134,6.75,7.010000229,6.579999924,6.619999886,,
Bahrein,BHR,Empleos en agricultura (% del total de empleos),SL.AGR.EMPL.ZS,1.080000043,1.090000033,1.090000033,1.090000033,1.080000043,1.080000043,1.039999962,1.00999999,0.970000029,0.939999998,,
Bahamas,BHS,Empleos en agricultura (% del total de empleos),SL.AGR.EMPL.ZS,2.710000038,2.650000095,2.619999886,2.569999933,2.49000001,2.440000057,2.380000114,2.329999924,2.25999999,2.200000048,,
Bosnia y Herzegovina,BIH,Empleos en agricultura (% del total de empleos),SL.AGR.EMPL.ZS,19.70000076,19.61000061,20.55999947,18.86000061,17.07999992,17.52000046,17.95999908,16.81999969,15.72999954,17.95999908,,
Belarús,BLR,Empleos en agricultura (% del total de empleos),SL.AGR.EMPL.ZS,10.89000034,10.59000015,10.31000042,10.14000034,9.890000343,9.699999809,9.729999542,10.69999981,11.31000042,11.06000042,,
Belice,BLZ,Empleos en agricultura (% del total de empleos),SL.AGR.EMPL.ZS,18.90999985,18.79000092,18.62000084,18.45999908,18.25,18.07999992,18.55999947,17.42000008,17.01000023,16.79999924,,
Bermudas,BMU,Empleos en agricultura (% del total de empleos),SL.AGR.EMPL.ZS,,,,,,,,,,,,
Bolivia,BOL,Empleos en agricultura (% del total de empleos),SL.AGR.EMPL.ZS,30,29.79000092,27.79000092,29.22999954,30.85000038,27.85000038,29.68000031,30.48999977,31.05999947,30.54000092,,
Brasil,BRA,Empleos en agricultura (% del total de empleos),SL.AGR.EMPL.ZS,12.65999985,11.98999977,11.47000027,11.17000008,10.34000015,10.19999981,10.14000034,9.460000038,9.260000229,9.079999924,,
Barbados,BRB,Empleos en agricultura (% del total de empleos),SL.AGR.EMPL.ZS,2.839999914,3.269999981,2.779999971,2.710000038,2.720000029,2.890000105,2.859999895,2.75999999,2.700000048,2.650000095,,
Brunei Darussalam,BRN,Empleos en agricultura (% del total de empleos),SL.AGR.EMPL.ZS,0.689999998,0.649999976,0.620000005,0.579999983,0.550000012,0.74000001,1.00999999,1.360000014,1.059999943,1.950000048,,
Bhután,BTN,Empleos en agricultura (% del total de empleos),SL.AGR.EMPL.ZS,59.59999847,60.15000153,58.34999847,56.34000015,56.65000153,58,57.22000122,56.52000046,56.11999893,55.77999878,,
Botswana,BWA,Empleos en agricultura (% del total de empleos),SL.AGR.EMPL.ZS,24.59000015,24.05999947,23.56999969,22.86000061,22.29000092,21.89999962,21.36000061,20.87999916,20.37000084,19.89999962,,
República Centroafricana,CAF,Empleos en agricultura (% del total de empleos),SL.AGR.EMPL.ZS,72.51000214,72.08000183,71.56999969,72.52999878,72.30000305,71.83000183,71.30000305,70.77999878,70.30000305,69.84999847,,
Canadá,CAN,Empleos en agricultura (% del total de empleos),SL.AGR.EMPL.ZS,1.809999943,1.789999962,1.75,1.779999971,1.710000038,1.639999986,1.580000043,1.519999981,1.49000001,1.50999999,,
Europa Central y del Báltico,CEB,Empleos en agricultura (% del total de empleos),SL.AGR.EMPL.ZS,13.45065946,12.99261524,12.88755463,12.4603349,12.0331581,11.40083471,10.36701036,10.14956568,9.701530964,9.275869066,,
Suiza,CHE,Empleos en agricultura (% del total de empleos),SL.AGR.EMPL.ZS,3.470000029,3.50999999,3.529999971,3.529999971,3.579999924,3.440000057,3.359999895,3.109999895,3.029999971,2.589999914,,
Islas del Canal,CHI,Empleos en agricultura (% del total de empleos),SL.AGR.EMPL.ZS,3.480000019,3.380000114,3.279999971,3.170000076,3.059999943,2.960000038,2.869999886,2.779999971,2.700000048,2.619999886,,
Chile,CHL,Empleos en agricultura (% del total de empleos),SL.AGR.EMPL.ZS,10.60999966,10.26000023,9.979999542,9.479999542,9.399999619,9.380000114,9.479999542,9.25,9.220000267,8.979999542,,
China,CHN,Empleos en agricultura (% del total de empleos),SL.AGR.EMPL.ZS,36.70000076,34.79999924,33.59999847,31.39999962,29.5,28.59000015,27.70000076,26.97999954,26.06999969,25.32999992,,
Côte d'Ivoire,CIV,Empleos en agricultura (% del total de empleos),SL.AGR.EMPL.ZS,47.45000076,47.33000183,46.22000122,45.16999817,44.33000183,43.5,42.75,41.88999939,41.00999832,40.15000153,,
Camerún,CMR,Empleos en agricultura (% del total de empleos),SL.AGR.EMPL.ZS,55,53.24000168,51.40000153,49.47999954,47.61000061,46.58000183,45.70999908,44.90999985,44.16999817,43.49000168,,
"Congo, República Democrática del",COD,Empleos en agricultura (% del total de empleos),SL.AGR.EMPL.ZS,69.54000092,68.95999908,68.33999634,67.61000061,66.80999756,66.15000153,65.80000305,65.37999725,64.80999756,64.30000305,,
"Congo, República del",COG,Empleos en agricultura (% del total de empleos),SL.AGR.EMPL.ZS,37.24000168,36.70999908,36.16999817,35.61999893,34.88000107,34.34999847,34.22000122,34.06999969,33.74000168,33.52999878,,
Colombia,COL,Empleos en agricultura (% del total de empleos),SL.AGR.EMPL.ZS,18.37999916,17.80999947,17.40999985,16.60000038,16.22999954,16.01000023,16.01000023,16.53000069,16.70999908,15.77000046,,
Comoras,COM,Empleos en agricultura (% del total de empleos),SL.AGR.EMPL.ZS,45.47999954,43.61000061,41.77000046,39.84999847,38.00999832,37.27000046,36.49000168,35.70000076,34.99000168,34.38000107,,
Cabo Verde,CPV,Empleos en agricultura (% del total de empleos),SL.AGR.EMPL.ZS,16.54000092,16.03000069,15.64000034,15.27000046,14.90999985,14.53999996,14.06000042,13.60999966,11.84000015,10.60000038,,
Costa Rica,CRI,Empleos en agricultura (% del total de empleos),SL.AGR.EMPL.ZS,11.36999989,10.90999985,10.27999973,9.899999619,11.15999985,12.31000042,12.21000004,12.57999992,12.39999962,11.97000027,,
Estados pequeos del Caribe,CSS,Empleos en agricultura (% del total de empleos),SL.AGR.EMPL.ZS,12.37827295,12.21170705,12.30215988,12.16034109,12.1870318,11.85866003,11.46823552,11.43831028,11.18234317,10.70239502,,
Cuba,CUB,Empleos en agricultura (% del total de empleos),SL.AGR.EMPL.ZS,18.60000038,19.69000053,19.26000023,18.61000061,18.89999962,18.64999962,18.31999969,17.98999977,17.69000053,17.39999962,,
Curacao,CUW,Empleos en agricultura (% del total de empleos),SL.AGR.EMPL.ZS,,,,,,,,,,,,
Islas Caimán,CYM,Empleos en agricultura (% del total de empleos),SL.AGR.EMPL.ZS,,,,,,,,,,,,
Chipre,CYP,Empleos en agricultura (% del total de empleos),SL.AGR.EMPL.ZS,3.799999952,3.829999924,2.910000086,3.109999895,4.429999828,4,3.640000105,2.529999971,2.170000076,2.410000086,,
República Checa,CZE,Empleos en agricultura (% del total de empleos),SL.AGR.EMPL.ZS,3.099999905,2.99000001,3.049999952,3.029999971,2.75,2.930000067,2.900000095,2.799999952,2.799999952,2.660000086,,
Alemania,DEU,Empleos en agricultura (% del total de empleos),SL.AGR.EMPL.ZS,1.649999976,1.649999976,1.559999943,1.450000048,1.429999948,1.389999986,1.309999943,1.279999971,1.25,1.210000038,,
Djibouti,DJI,Empleos en agricultura (% del total de empleos),SL.AGR.EMPL.ZS,32.81999969,31.82999992,30.98999977,30.14999962,29.19000053,28.20999908,27.29000092,26.45000076,25.46999931,24.54999924,,
Dominica,DMA,Empleos en agricultura (% del total de empleos),SL.AGR.EMPL.ZS,,,,,,,,,,,,
Dinamarca,DNK,Empleos en agricultura (% del total de empleos),SL.AGR.EMPL.ZS,2.539999962,2.400000095,2.640000105,2.589999914,2.480000019,2.49000001,2.329999924,2.109999895,2.190000057,2.220000029,,
República Dominicana,DOM,Empleos en agricultura (% del total de empleos),SL.AGR.EMPL.ZS,12.42000008,12.03999996,11.35999966,11.07999992,11.26000023,9.720000267,8.930000305,9.579999924,9.329999924,8.779999733,,
Argelia,DZA,Empleos en agricultura (% del total de empleos),SL.AGR.EMPL.ZS,11.86999989,10.77000046,10.68999958,10.59000015,10.48999977,10.38000011,10.27999973,10.15999985,9.880000114,9.600000381,,
Asia oriental y el Pacífico (excluido altos ingresos),EAP,Empleos en agricultura (% del total de empleos),SL.AGR.EMPL.ZS,38.03885236,36.52036637,35.48995317,33.69017129,31.88865651,30.86449282,29.78692496,29.02060169,28.09193587,27.26335622,,
inicial del dividendo demográfico,EAR,Empleos en agricultura (% del total de empleos),SL.AGR.EMPL.ZS,42.18195899,40.86291517,39.45028416,38.86367689,38.30748639,37.53057818,36.88051678,36.12882164,35.25677984,34.60150645,,
Asia oriental y el Pacífico,EAS,Empleos en agricultura (% del total de empleos),SL.AGR.EMPL.ZS,34.59455171,33.23092647,32.30269421,30.67724083,29.0255963,28.08675591,27.09675771,26.38768053,25.54015929,24.77985283,,
Europa y Asia central (excluido altos ingresos),ECA,Empleos en agricultura (% del total de empleos),SL.AGR.EMPL.ZS,17.33441015,17.3589511,16.91147579,16.70832191,15.50550752,15.32983639,15.14627919,14.61854012,14.07378425,13.75903492,,
Europa y Asia central,ECS,Empleos en agricultura (% del total de empleos),SL.AGR.EMPL.ZS,10.19364373,10.15126649,9.979879408,9.824270192,9.231086425,9.019471231,8.786974545,8.48763466,8.158792645,7.917958294,,
Ecuador,ECU,Empleos en agricultura (% del total de empleos),SL.AGR.EMPL.ZS,27.87999916,27.90999985,27.97999954,26.64999962,25.28000069,26.19000053,26.94000053,27.69000053,28.82999992,29.73999977,,
"Egipto, República Árabe de",EGY,Empleos en agricultura (% del total de empleos),SL.AGR.EMPL.ZS,28.28000069,29.23999977,27.06999969,27.95999908,27.54999924,25.81999969,25.56999969,25.04999924,21.65999985,20.62000084,,
Zona del Euro,EMU,Empleos en agricultura (% del total de empleos),SL.AGR.EMPL.ZS,3.661800972,3.533941373,3.508276473,3.44087497,3.369741409,3.257197692,3.216109284,3.115625482,3.023671695,2.970265023,,
Eritrea,ERI,Empleos en agricultura (% del total de empleos),SL.AGR.EMPL.ZS,67.30999756,66.54000092,66.09999847,66.33999634,64.94000244,65.48000336,64.66000366,64.88999939,63.75999832,63.11999893,,
España,ESP,Empleos en agricultura (% del total de empleos),SL.AGR.EMPL.ZS,4.199999809,4.099999905,4.21999979,4.300000191,4.239999771,4.119999886,4.21999979,4.349999905,4.199999809,4.03000021,,
Estonia,EST,Empleos en agricultura (% del total de empleos),SL.AGR.EMPL.ZS,4.21999979,4.409999847,4.489999771,4.260000229,3.859999895,3.900000095,3.890000105,3.529999971,3.289999962,3.170000076,,
Etiopía,ETH,Empleos en agricultura (% del total de empleos),SL.AGR.EMPL.ZS,74.04000092,73.04000092,72.11000061,71.02999878,70.20999908,69.40000153,68.63999939,67.90000153,67.29000092,66.62999725,,
Unión Europea,EUU,Empleos en agricultura (% del total de empleos),SL.AGR.EMPL.ZS,5.797128854,5.588112065,5.564590957,5.422737521,5.275821471,5.057886555,4.791705963,4.673127706,4.499613421,4.354846077,,
Frágiles y situaciones de conflicto afectados,FCS,Empleos en agricultura (% del total de empleos),SL.AGR.EMPL.ZS,53.36325801,52.67230373,51.99938449,51.33283599,50.74238591,50.18064638,49.95498783,49.64308485,49.14547395,48.97114201,,
Finlandia,FIN,Empleos en agricultura (% del total de empleos),SL.AGR.EMPL.ZS,4.440000057,4.230000019,4.159999847,4.130000114,4.260000229,4.21999979,3.869999886,3.75999999,3.710000038,3.779999971,,
Fiji,FJI,Empleos en agricultura (% del total de empleos),SL.AGR.EMPL.ZS,24.44000053,23.71999931,22.96999931,22.09000015,20.85000038,19.87999916,19.09000015,18.47999954,17.97999954,17.61000061,,
Francia,FRA,Empleos en agricultura (% del total de empleos),SL.AGR.EMPL.ZS,2.910000086,2.910000086,2.920000076,3.079999924,2.849999905,2.710000038,2.859999895,2.609999895,2.5,2.529999971,,
Islas Feroe,FRO,Empleos en agricultura (% del total de empleos),SL.AGR.EMPL.ZS,,,,,,,,,,,,
Micronesia (Estados Federados de),FSM,Empleos en agricultura (% del total de empleos),SL.AGR.EMPL.ZS,,,,,,,,,,,,
Gabón,GAB,Empleos en agricultura (% del total de empleos),SL.AGR.EMPL.ZS,35.18000031,34.50999832,33.90999985,33.29999924,32.72000122,32.13999939,31.60000038,31.11000061,30.59000015,29.95999908,,
Reino Unido,GBR,Empleos en agricultura (% del total de empleos),SL.AGR.EMPL.ZS,1.220000029,1.220000029,1.190000057,1.059999943,1.25999999,1.139999986,1.129999995,1.159999967,1.070000052,1.049999952,,
Georgia,GEO,Empleos en agricultura (% del total de empleos),SL.AGR.EMPL.ZS,48.09000015,48.61999893,47.13000107,47.33000183,46.06000137,44.04999924,43.81000137,43.13000107,38.90000153,38.15000153,,
Ghana,GHA,Empleos en agricultura (% del total de empleos),SL.AGR.EMPL.ZS,50.11000061,48.36000061,46.84999847,45.38000107,40.40999985,35.18000031,33.88999939,32.56999969,31.04999924,29.75,,
Gibraltar,GIB,Empleos en agricultura (% del total de empleos),SL.AGR.EMPL.ZS,,,,,,,,,,,,
Guinea,GIN,Empleos en agricultura (% del total de empleos),SL.AGR.EMPL.ZS,67.02999878,66.37999725,65.69999695,65.12000275,64.55000305,63.97999954,62.99000168,62.02999878,61.31999969,60.65000153,,
Gambia,GMB,Empleos en agricultura (% del total de empleos),SL.AGR.EMPL.ZS,30.88999939,31.11000061,30.54000092,30.11000061,29.92000008,29.38999939,28.98999977,28.40999985,27.70999908,27.03000069,,
Guinea-Bissau,GNB,Empleos en agricultura (% del total de empleos),SL.AGR.EMPL.ZS,64.87000275,64.22000122,64.08999634,63.68000031,63.40000153,62.81999969,62.18000031,61.56999969,61.06000137,60.47999954,,
Guinea Ecuatorial,GNQ,Empleos en agricultura (% del total de empleos),SL.AGR.EMPL.ZS,37.18999863,37.11000061,37.20999908,37.52000046,37.81000137,38.36000061,38.86000061,39.18999863,39.15000153,39.50999832,,
Grecia,GRC,Empleos en agricultura (% del total de empleos),SL.AGR.EMPL.ZS,12.39999962,12.35000038,13,13.68999958,13.56999969,12.89999962,12.36999989,12.07999992,12.27000046,11.60000038,,
Granada,GRD,Empleos en agricultura (% del total de empleos),SL.AGR.EMPL.ZS,,,,,,,,,,,,
Groenlandia,GRL,Empleos en agricultura (% del total de empleos),SL.AGR.EMPL.ZS,,,,,,,,,,,,
Guatemala,GTM,Empleos en agricultura (% del total de empleos),SL.AGR.EMPL.ZS,33.5,32.90999985,32.25999832,30.87999916,31.53000069,31.87999916,29.37999916,31.78000069,31.73999977,31.29999924,,
Guam,GUM,Empleos en agricultura (% del total de empleos),SL.AGR.EMPL.ZS,0.319999993,0.310000002,0.289999992,0.280000001,0.270000011,0.25999999,0.25999999,0.25,0.239999995,0.230000004,,
Guyana,GUY,Empleos en agricultura (% del total de empleos),SL.AGR.EMPL.ZS,20.04999924,19.40999985,18.93000031,18.04000092,17.43000031,16.92000008,16.68000031,16.25,15.89000034,15.43999958,,
Ingreso alto,HIC,Empleos en agricultura (% del total de empleos),SL.AGR.EMPL.ZS,3.917334536,3.800130458,3.727100106,3.64892986,3.558235002,3.475675511,3.327826856,3.235127599,3.135176731,3.0599857,,
"Hong Kong, Región Administrativa Especial",HKG,Empleos en agricultura (% del total de empleos),SL.AGR.EMPL.ZS,0.230000004,0.219999999,0.209999993,0.209999993,0.200000003,0.189999998,0.189999998,0.180000007,0.170000002,0.170000002,,
Honduras,HND,Empleos en agricultura (% del total de empleos),SL.AGR.EMPL.ZS,36.45000076,35.29999924,37.00999832,34.52000046,28.82999992,28.71999931,27.35000038,31.98999977,30.67000008,29.48999977,,
Países pobres muy endeudados (PPME),HPC,Empleos en agricultura (% del total de empleos),SL.AGR.EMPL.ZS,63.94778486,63.02465604,62.01666047,61.35348696,60.26756049,59.35180629,58.84846506,58.28992766,57.7179,57.20832038,,
Croacia,HRV,Empleos en agricultura (% del total de empleos),SL.AGR.EMPL.ZS,14.25,14.59000015,12.25,10.78999996,9.520000458,9.229999542,7.599999905,6.980000019,6.239999771,6.190000057,,
Haití,HTI,Empleos en agricultura (% del total de empleos),SL.AGR.EMPL.ZS,34.02000046,33.04000092,32.06000137,31.47999954,30.88999939,30.40999985,30.04999924,29.70000076,29.21999931,29.03000069,,
Hungría,HUN,Empleos en agricultura (% del total de empleos),SL.AGR.EMPL.ZS,4.539999962,4.889999866,5.059999943,4.78000021,4.679999828,4.900000095,5.039999962,5.039999962,4.849999905,4.71999979,,
Sólo BIRF,IBD,Empleos en agricultura (% del total de empleos),SL.AGR.EMPL.ZS,35.0557801,33.65939026,32.45431684,31.29732351,30.03881392,29.28751393,28.5529121,27.92002251,27.19535052,26.56594282,,
BIRF y la AIF,IBT,Empleos en agricultura (% del total de empleos),SL.AGR.EMPL.ZS,39.13779682,37.93810628,36.85591758,35.86172908,34.77265376,34.07498994,33.49183384,32.87903268,32.18412099,31.63811603,,
total de la AIF,IDA,Empleos en agricultura (% del total de empleos),SL.AGR.EMPL.ZS,55.10282034,54.46576051,53.70608078,53.13923922,52.4143568,51.58796436,51.28121859,50.38770562,49.48286498,48.93780425,,
mezcla de la AIF,IDB,Empleos en agricultura (% del total de empleos),SL.AGR.EMPL.ZS,44.91685334,44.54666584,43.84133318,43.19551986,42.84636673,42.05732041,42.30564514,41.10868831,39.83915859,39.2587218,,
Indonesia,IDN,Empleos en agricultura (% del total de empleos),SL.AGR.EMPL.ZS,39.13000107,37.18999863,35.93000031,34.97999954,34.27999878,33.04000092,31.81999969,30.79000092,29.62999916,28.5,,
Sólo AIF,IDX,Empleos en agricultura (% del total de empleos),SL.AGR.EMPL.ZS,59.78590833,59.0379386,58.20501555,57.61237863,56.71833036,55.88391203,55.27628164,54.45499139,53.67894485,53.15215303,,
Isla de Man,IMN,Empleos en agricultura (% del total de empleos),SL.AGR.EMPL.ZS,,,,,,,,,,,,
India,IND,Empleos en agricultura (% del total de empleos),SL.AGR.EMPL.ZS,51.52000046,49.25999832,47,46.5,45.88999939,45.25999832,44.56000137,43.93000031,43.33000183,42.59999847,,
No clasificado,INX,Empleos en agricultura (% del total de empleos),SL.AGR.EMPL.ZS,,,,,,,,,,,,
Irlanda,IRL,Empleos en agricultura (% del total de empleos),SL.AGR.EMPL.ZS,5.75,5.730000019,5.789999962,5.78000021,5.440000057,5.340000153,5.289999962,5.050000191,4.769999981,4.429999828,,
"Irán, República Islámica del",IRN,Empleos en agricultura (% del total de empleos),SL.AGR.EMPL.ZS,19.21999931,18.80999947,18.48999977,18.23999977,17.88999939,18.03000069,17.97999954,17.57999992,17.69000053,17.37000084,,
Iraq,IRQ,Empleos en agricultura (% del total de empleos),SL.AGR.EMPL.ZS,23.07999992,22.56999969,21.88999939,21.30999947,20.81999969,20.38999939,19.76000023,19.29000092,18.81999969,18.27000046,,
Islandia,ISL,Empleos en agricultura (% del total de empleos),SL.AGR.EMPL.ZS,5.590000153,5.489999771,5.550000191,4.449999809,4.539999962,4.239999771,3.900000095,3.75999999,4.03000021,4.039999962,,
Israel,ISR,Empleos en agricultura (% del total de empleos),SL.AGR.EMPL.ZS,1.25999999,1.179999948,1.110000014,1.24000001,1.110000014,1.019999981,1.019999981,1,0.959999979,0.920000017,,
Italia,ITA,Empleos en agricultura (% del total de empleos),SL.AGR.EMPL.ZS,3.769999981,3.680000067,3.690000057,3.599999905,3.640000105,3.75,3.880000114,3.779999971,3.75999999,3.890000105,,
Jamaica,JAM,Empleos en agricultura (% del total de empleos),SL.AGR.EMPL.ZS,17.81999969,17.59000015,18.23999977,18.25,18.42000008,17.75,16.62999916,16.78000069,16.22999954,15.22000027,,
Jordania,JOR,Empleos en agricultura (% del total de empleos),SL.AGR.EMPL.ZS,3.380000114,3.279999971,3.180000067,3.079999924,2.980000019,2.880000114,2.779999971,2.680000067,2.579999924,2.470000029,,
Japón,JPN,Empleos en agricultura (% del total de empleos),SL.AGR.EMPL.ZS,4.070000172,3.970000029,3.869999886,3.75,3.690000057,3.630000114,3.5,3.440000057,3.49000001,3.380000114,,
Kazajstán,KAZ,Empleos en agricultura (% del total de empleos),SL.AGR.EMPL.ZS,28.28000069,26.45000076,25.54000092,24.19000053,20.96999931,18.01000023,17.26000023,16.55999947,15.77000046,14.85999966,,
Kenya,KEN,Empleos en agricultura (% del total de empleos),SL.AGR.EMPL.ZS,60.31999969,59.74000168,59.22000122,58.59000015,57.93999863,57.25999832,56.52999878,55.86000061,55.08000183,54.34000015,,
Kirguistán,KGZ,Empleos en agricultura (% del total de empleos),SL.AGR.EMPL.ZS,32.24000168,31.11000061,30.09000015,31.67000008,31.59000015,29.30999947,26.79000092,23.03000069,20.43000031,19.31999969,,
Camboya,KHM,Empleos en agricultura (% del total de empleos),SL.AGR.EMPL.ZS,57.31000137,56.54999924,53.20999908,49.52000046,46,42.47000122,37.54000092,38.20999908,36.38000107,34.52999878,,
Kiribati,KIR,Empleos en agricultura (% del total de empleos),SL.AGR.EMPL.ZS,,,,,,,,,,,,
Saint Kitts y Nevis,KNA,Empleos en agricultura (% del total de empleos),SL.AGR.EMPL.ZS,,,,,,,,,,,,
"Corea, República de",KOR,Empleos en agricultura (% del total de empleos),SL.AGR.EMPL.ZS,6.599999905,6.369999886,6.130000114,6.760000229,5.579999924,5.230000019,4.940000057,4.920000076,5,5.139999866,,
Kuwait,KWT,Empleos en agricultura (% del total de empleos),SL.AGR.EMPL.ZS,2.420000076,2.359999895,2.289999962,2.220000029,2.150000095,2.079999924,2.00999999,1.929999948,1.860000014,1.779999971,,
América Latina y el Caribe (excluido altos ingresos),LAC,Empleos en agricultura (% del total de empleos),SL.AGR.EMPL.ZS,16.06027928,15.69027058,15.35551594,15.01792316,14.70070895,14.48310885,14.46914803,14.45293753,14.36156443,14.02503091,,
República Democrática Popular Lao,LAO,Empleos en agricultura (% del total de empleos),SL.AGR.EMPL.ZS,71.45999908,70.30999756,69.04000092,67.76999664,66.69999695,65.58000183,64.70999908,63.58000183,62.36999893,61.43999863,,
Líbano,LBN,Empleos en agricultura (% del total de empleos),SL.AGR.EMPL.ZS,14.44999981,14.09000015,13.76000023,13.40999985,13.10999966,12.81000042,12.44999981,12.07999992,11.68999958,11.31999969,,
Liberia,LBR,Empleos en agricultura (% del total de empleos),SL.AGR.EMPL.ZS,47.31000137,46.43999863,45.56000137,44.59999847,44.22000122,43.90999985,43.74000168,43.22000122,42.77999878,42.61999893,,
Libia,LBY,Empleos en agricultura (% del total de empleos),SL.AGR.EMPL.ZS,20.55999947,20.44000053,20.02000046,19.62999916,19.21999931,18.75,18.22999954,17.57999992,16.95999908,16.40999985,,
Santa Lucía,LCA,Empleos en agricultura (% del total de empleos),SL.AGR.EMPL.ZS,14.76000023,13.97000027,13.31999969,12.77000046,12.05000019,11.47000027,10.84000015,10.35000038,11.35000038,9.970000267,,
América Latina y el Caribe,LCN,Empleos en agricultura (% del total de empleos),SL.AGR.EMPL.ZS,15.41072778,15.03205187,14.70250632,14.37183279,14.07712353,13.87543152,13.87469146,13.86769451,13.80577852,13.53397,,
Países menos desarrollados: clasificación de las Naciones Unidas,LDC,Empleos en agricultura (% del total de empleos),SL.AGR.EMPL.ZS,61.52100562,60.85638543,59.99451669,59.41785152,58.66452489,57.95210677,57.37908405,56.52450147,55.77387935,55.26874509,,
Países de ingreso bajo,LIC,Empleos en agricultura (% del total de empleos),SL.AGR.EMPL.ZS,64.71150372,63.90157396,63.02941887,62.62614882,61.93595504,61.31999582,60.92296173,60.43328673,59.98673017,59.49375302,,
Liechtenstein,LIE,Empleos en agricultura (% del total de empleos),SL.AGR.EMPL.ZS,,,,,,,,,,,,
Sri Lanka,LKA,Empleos en agricultura (% del total de empleos),SL.AGR.EMPL.ZS,31.81999969,31.42000008,30.98999977,30.21999931,28.87000084,28.65999985,27.10000038,26.06999969,25.5,24.97999954,,
Países de ingreso mediano bajo,LMC,Empleos en agricultura (% del total de empleos),SL.AGR.EMPL.ZS,45.9730359,44.68363956,43.23019842,42.60804683,41.91415688,41.03600086,40.31304711,39.433403,38.46533375,37.67422245,,
Ingreso mediano y bajo,LMY,Empleos en agricultura (% del total de empleos),SL.AGR.EMPL.ZS,39.63753289,38.43507362,37.34124059,36.34050106,35.24558299,34.54486445,33.96157515,33.34124739,32.63596733,32.07137465,,
Lesotho,LSO,Empleos en agricultura (% del total de empleos),SL.AGR.EMPL.ZS,50.84999847,49.95999908,49.02000046,48.20999908,47.45999908,46.68999863,45.84000015,45.43000031,44.90999985,44.29999924,,
avanzada del dividendo demográfico,LTE,Empleos en agricultura (% del total de empleos),SL.AGR.EMPL.ZS,31.83288581,30.53044746,29.62712215,28.01951127,26.30860013,25.50368943,24.72036063,24.02807302,23.2906547,22.593145,,
Lituania,LTU,Empleos en agricultura (% del total de empleos),SL.AGR.EMPL.ZS,8.829999924,8.489999771,8.800000191,8.420000076,9.170000076,9.069999695,7.980000019,7.78000021,7.179999828,6.440000057,,
Luxemburgo,LUX,Empleos en agricultura (% del total de empleos),SL.AGR.EMPL.ZS,1.100000024,1.230000019,1.330000043,1.590000033,1.429999948,1.049999952,1.029999971,1.389999986,1.049999952,0.680000007,,
Letonia,LVA,Empleos en agricultura (% del total de empleos),SL.AGR.EMPL.ZS,8.609999657,8.899999619,8.369999886,8.06000042,7.5,7.940000057,7.690000057,6.869999886,6.96999979,7.289999962,,
"Región Administrativa Especial de Macao, China",MAC,Empleos en agricultura (% del total de empleos),SL.AGR.EMPL.ZS,0.400000006,0.400000006,0.400000006,0.400000006,0.400000006,0.400000006,0.400000006,0.400000006,0.400000006,0.400000006,,
Isla de San Martín (parte francesa),MAF,Empleos en agricultura (% del total de empleos),SL.AGR.EMPL.ZS,,,,,,,,,,,,
Marruecos,MAR,Empleos en agricultura (% del total de empleos),SL.AGR.EMPL.ZS,40.56999969,39.77999878,39.22000122,38.40000153,37.56999969,36.68999863,35.95999908,35.02999878,34.15000153,33.25,,
Mónaco,MCO,Empleos en agricultura (% del total de empleos),SL.AGR.EMPL.ZS,,,,,,,,,,,,
República de Moldova,MDA,Empleos en agricultura (% del total de empleos),SL.AGR.EMPL.ZS,27.52000046,27.53000069,26.45000076,28.80999947,30.47999954,34.15000153,33.70000076,32.34000015,24.45999908,20.95999908,,
Madagascar,MDG,Empleos en agricultura (% del total de empleos),SL.AGR.EMPL.ZS,73.37000275,71.23999786,68.87000275,67.98000336,67.19999695,66.48999786,65.79000092,65.25,64.68000031,64.12000275,,
Maldivas,MDV,Empleos en agricultura (% del total de empleos),SL.AGR.EMPL.ZS,13.21000004,12.43000031,11.81999969,11.10999966,10.40999985,9.829999924,9.239999771,8.960000038,8.609999657,8.319999695,,
Oriente Medio y Norte de África,MEA,Empleos en agricultura (% del total de empleos),SL.AGR.EMPL.ZS,19.11191119,18.76980429,18.00827363,17.89265864,17.64589423,17.13796698,16.72376125,16.14680041,15.16587041,14.59745459,,
México,MEX,Empleos en agricultura (% del total de empleos),SL.AGR.EMPL.ZS,13.92000008,13.68999958,13.72000027,13.64999962,13.77000046,13.43000031,13.10000038,13.11999989,12.81000042,12.47999954,,
Islas Marshall,MHL,Empleos en agricultura (% del total de empleos),SL.AGR.EMPL.ZS,,,,,,,,,,,,
 Ingreso mediano,MIC,Empleos en agricultura (% del total de empleos),SL.AGR.EMPL.ZS,37.47470215,36.20461491,35.05415,33.95464378,32.7817827,32.02490592,31.36855516,30.68185856,29.89602003,29.2703361,,
Macedonia del Norte,MKD,Empleos en agricultura (% del total de empleos),SL.AGR.EMPL.ZS,18.62000084,18.73999977,17.30999947,18.73999977,18.45999908,17.87000084,16.62999916,16.23999977,15.72000027,13.92000008,,
Malí,MLI,Empleos en agricultura (% del total de empleos),SL.AGR.EMPL.ZS,68.58000183,68.08999634,67.95999908,67.69999695,66.69999695,62.27000046,64.90000153,63.13000107,63,62.43999863,,
Malta,MLT,Empleos en agricultura (% del total de empleos),SL.AGR.EMPL.ZS,1.340000033,1.169999957,1.039999962,1.25999999,1.289999962,1.470000029,1.169999957,1,1,1.019999981,,
Myanmar,MMR,Empleos en agricultura (% del total de empleos),SL.AGR.EMPL.ZS,53.13999939,52.79999924,52.59999847,52.40000153,52.20000076,51.68999863,51.20000076,50.61999893,48.16999817,48.84999847,,
Oriente Medio y Norte de África (excluido altos ingresos),MNA,Empleos en agricultura (% del total de empleos),SL.AGR.EMPL.ZS,23.2368122,23.09252824,22.25842979,22.1656973,21.88959823,21.21795582,20.89880873,20.40072116,19.31063629,18.68487142,,
Montenegro,MNE,Empleos en agricultura (% del total de empleos),SL.AGR.EMPL.ZS,6.179999828,5.46999979,5.28000021,4.559999943,5.679999828,7.71999979,7.739999771,7.940000057,8.020000458,7.150000095,,
Mongolia,MNG,Empleos en agricultura (% del total de empleos),SL.AGR.EMPL.ZS,33.52999878,33.02999878,35.02000046,29.81999969,27.97999954,28.45000076,30.36000061,28.78000069,26.65999985,25.31999969,,
Mariana,MNP,Empleos en agricultura (% del total de empleos),SL.AGR.EMPL.ZS,,,,,,,,,,,,
Mozambique,MOZ,Empleos en agricultura (% del total de empleos),SL.AGR.EMPL.ZS,76.38999939,75.62999725,74.84999847,74.01999664,73.12000275,72.12000275,71.55999756,71.05999756,70.58999634,70.22000122,,
Mauritania,MRT,Empleos en agricultura (% del total de empleos),SL.AGR.EMPL.ZS,35.93999863,35.36999893,34.77000046,34.20999908,33.61000061,32.97000122,32.54999924,31.97999954,31.52000046,30.82999992,,
Mauricio,MUS,Empleos en agricultura (% del total de empleos),SL.AGR.EMPL.ZS,8.630000114,7.730000019,7.659999847,7.409999847,7.150000095,6.909999847,6.670000076,6.429999828,6.199999809,5.96999979,,
Malawi,MWI,Empleos en agricultura (% del total de empleos),SL.AGR.EMPL.ZS,78.51000214,78.23000336,78.08000183,77.79000092,77.48999786,77.29000092,77.11000061,76.86000061,76.63999939,76.36000061,,
Malasia,MYS,Empleos en agricultura (% del total de empleos),SL.AGR.EMPL.ZS,13.30000019,11.88000011,13.26000023,12.68999958,12.59000015,12.47000027,11.36999989,11.28999996,10.63000011,10.27999973,,
América del Norte,NAC,Empleos en agricultura (% del total de empleos),SL.AGR.EMPL.ZS,1.462728904,1.487443926,1.420659811,1.370716273,1.389301035,1.461645945,1.446136526,1.439727087,1.382991068,1.376358681,,
Namibia,NAM,Empleos en agricultura (% del total de empleos),SL.AGR.EMPL.ZS,28.11000061,27.72999954,27.37000084,31.38999939,29.31999969,24.47999954,20.06999969,21.35000038,22.59000015,21.85000038,,
Nueva Caledonia,NCL,Empleos en agricultura (% del total de empleos),SL.AGR.EMPL.ZS,2.539999962,2.440000057,2.349999905,2.269999981,2.210000038,2.130000114,2.059999943,2,1.929999948,1.870000005,,
Níger,NER,Empleos en agricultura (% del total de empleos),SL.AGR.EMPL.ZS,75.13999939,75.04000092,74.55000305,74.26999664,73.97000122,73.76999664,73.48000336,73.22000122,72.86000061,72.54000092,,
Nigeria,NGA,Empleos en agricultura (% del total de empleos),SL.AGR.EMPL.ZS,41.36000061,40.58000183,39.47000122,38.27000046,37.50999832,36.93999863,36.54999924,36.04999924,35.52999878,34.97000122,,
Nicaragua,NIC,Empleos en agricultura (% del total de empleos),SL.AGR.EMPL.ZS,29.46999931,30.27000046,30.51000023,30.87999916,31.44000053,30.97999954,30.37000084,29.92000008,30.32999992,30.60000038,,
Países Bajos,NLD,Empleos en agricultura (% del total de empleos),SL.AGR.EMPL.ZS,3.059999943,2.779999971,2.730000019,2.099999905,2.289999962,2.319999933,2.25999999,2.269999981,2.099999905,2.079999924,,
Noruega,NOR,Empleos en agricultura (% del total de empleos),SL.AGR.EMPL.ZS,2.549999952,2.369999886,2.230000019,2.210000038,2.25,2.00999999,2.089999914,2.059999943,2.109999895,2.039999962,,
Nepal,NPL,Empleos en agricultura (% del total de empleos),SL.AGR.EMPL.ZS,70.04000092,69.54000092,68.86000061,68.23999786,67.48000336,66.93000031,66.66000366,65.80999756,65.08000183,64.37999725,,
Nauru,NRU,Empleos en agricultura (% del total de empleos),SL.AGR.EMPL.ZS,,,,,,,,,,,,
Nueva Zelandia,NZL,Empleos en agricultura (% del total de empleos),SL.AGR.EMPL.ZS,6.739999771,6.909999847,6.75,6.449999809,6.25,6.139999866,6.610000134,6.340000153,5.909999847,5.840000153,,
Miembros OCDE,OED,Empleos en agricultura (% del total de empleos),SL.AGR.EMPL.ZS,5.554427474,5.543232159,5.491399614,5.404079011,5.24977022,5.174769789,5.047516831,5.031690254,4.925472577,4.78232844,,
Omán,OMN,Empleos en agricultura (% del total de empleos),SL.AGR.EMPL.ZS,5.150000095,5.090000153,5.03000021,4.860000134,4.679999828,4.570000172,4.46999979,4.320000172,4.139999866,3.99000001,,
Otros Estados pequeos,OSS,Empleos en agricultura (% del total de empleos),SL.AGR.EMPL.ZS,22.4379655,21.92984818,21.42473488,21.24885688,20.80283211,20.19135213,19.53140573,19.31668896,19.03799008,18.67989608,,
Pakistán,PAK,Empleos en agricultura (% del total de empleos),SL.AGR.EMPL.ZS,43.38999939,43.49000168,42.88999939,42.24000168,42.22999954,41.00999832,42.27000046,39.86000061,37.41999817,36.91999817,,
Panamá,PAN,Empleos en agricultura (% del total de empleos),SL.AGR.EMPL.ZS,17.42000008,16.54999924,16.70999908,16.36000061,15.69999981,14.67000008,15.35999966,14.48999977,14.21000004,14.40999985,,
Perú,PER,Empleos en agricultura (% del total de empleos),SL.AGR.EMPL.ZS,27.72999954,28.28000069,27.44000053,27.40999985,28.03000069,28.26000023,28.37999916,27.69000053,27.79000092,27.37000084,,
Filipinas,PHL,Empleos en agricultura (% del total de empleos),SL.AGR.EMPL.ZS,32.91999817,32.68000031,32.15999985,31.04999924,30.42000008,29.19000053,26.89999962,25.44000053,24.29000092,22.86000061,,
Palau,PLW,Empleos en agricultura (% del total de empleos),SL.AGR.EMPL.ZS,,,,,,,,,,,,
Papua Nueva Guinea,PNG,Empleos en agricultura (% del total de empleos),SL.AGR.EMPL.ZS,65.43000031,64.55000305,63.16999817,62.18999863,61.36000061,59.79999924,59,58.15000153,57.31999969,56.15000153,,
Polonia,POL,Empleos en agricultura (% del total de empleos),SL.AGR.EMPL.ZS,13.05000019,12.90999985,12.57999992,12,11.48999977,11.52999973,10.57999992,10.22000027,9.619999886,9.149999619,,
previa al dividendo demográfico,PRE,Empleos en agricultura (% del total de empleos),SL.AGR.EMPL.ZS,57.8736894,57.11838923,56.24806187,55.76281161,55.01723234,54.35458759,54.02511922,53.59468122,53.08597781,52.59208585,,
Puerto Rico,PRI,Empleos en agricultura (% del total de empleos),SL.AGR.EMPL.ZS,1.379999995,1.320000052,1.320000052,1.279999971,1.24000001,1.190000057,1.159999967,1.129999995,1.100000024,1.090000033,,
"Corea, República Popular Democrática de",PRK,Empleos en agricultura (% del total de empleos),SL.AGR.EMPL.ZS,47.09000015,46.72999954,46.31999969,45.91999817,45.50999832,45.27000046,44.63999939,44.59000015,44.54000092,43.81999969,,
Portugal,PRT,Empleos en agricultura (% del total de empleos),SL.AGR.EMPL.ZS,11.19999981,10.21000004,10.81000042,10.22999954,8.649999619,7.53000021,6.909999847,6.400000095,6.039999962,5.5,,
Paraguay,PRY,Empleos en agricultura (% del total de empleos),SL.AGR.EMPL.ZS,25.62000084,25.52000046,26.13999939,22.81999969,22.07999992,19.70000076,21.31999969,20.18000031,20.07999992,18.71999931,,
Ribera Occidental y Gaza,PSE,Empleos en agricultura (% del total de empleos),SL.AGR.EMPL.ZS,11.81000042,11.61999989,11.47999954,10.55000019,10.39999962,8.659999847,7.360000134,6.710000038,6.320000172,6.050000191,,
Estados pequeos de las Islas del Pacfico,PSS,Empleos en agricultura (% del total de empleos),SL.AGR.EMPL.ZS,36.84926885,35.8688251,35.42843778,34.95638808,34.38659828,33.5793141,33.00053476,32.45051827,31.85808339,31.39362664,,
posterior al dividendo demográfico,PST,Empleos en agricultura (% del total de empleos),SL.AGR.EMPL.ZS,3.911984567,3.847708576,3.747910239,3.694338947,3.384867806,3.344531864,3.289662152,3.235558576,3.146856771,3.081303789,,
Polinesia Francesa,PYF,Empleos en agricultura (% del total de empleos),SL.AGR.EMPL.ZS,8.710000038,8.579999924,8.380000114,8.199999809,7.949999809,7.71999979,7.5,7.260000229,7.039999962,6.829999924,,
Qatar,QAT,Empleos en agricultura (% del total de empleos),SL.AGR.EMPL.ZS,1.460000038,1.360000014,1.350000024,1.379999995,1.309999943,1.230000019,1.220000029,1.25,1.210000038,1.169999957,,
Rumania,ROU,Empleos en agricultura (% del total de empleos),SL.AGR.EMPL.ZS,31.01000023,29.26000023,29.70999908,29.25,28.35000038,25.59000015,23.10000038,22.78000069,22.30999947,21.23999977,,
Federación de Rusia,RUS,Empleos en agricultura (% del total de empleos),SL.AGR.EMPL.ZS,7.75,7.690000057,7.329999924,6.989999771,6.71999979,6.710000038,6.71999979,5.900000095,5.880000114,5.829999924,,
Rwanda,RWA,Empleos en agricultura (% del total de empleos),SL.AGR.EMPL.ZS,79.44999695,78.08999634,76.61000061,72.90000153,68.44999695,66.94999695,65.81999969,64.62000275,63.34999847,62.29000092,,
Asia meridional,SAS,Empleos en agricultura (% del total de empleos),SL.AGR.EMPL.ZS,50.52692133,48.71976468,46.82877144,46.25819459,45.66638815,44.94614451,44.44347145,43.43711644,42.57999322,41.85039355,,
Arabia Saudita,SAU,Empleos en agricultura (% del total de empleos),SL.AGR.EMPL.ZS,4.159999847,4.260000229,4.360000134,4.449999809,5.260000229,6.099999905,4.96999979,3.559999943,2.519999981,2.410000086,,
Sudán,SDN,Empleos en agricultura (% del total de empleos),SL.AGR.EMPL.ZS,45.68000031,44.59999847,43.63999939,42.83000183,42.11000061,41.25,40.36999893,39.52000046,38.95000076,38.36999893,,
Senegal,SEN,Empleos en agricultura (% del total de empleos),SL.AGR.EMPL.ZS,38.18999863,37.40000153,36.38999939,35.49000168,34.34999847,33.33000183,32.49000168,31.62000084,30.82999992,30.10000038,,
Singapur,SGP,Empleos en agricultura (% del total de empleos),SL.AGR.EMPL.ZS,0.109999999,0.109999999,0.100000001,0.100000001,0.090000004,0.079999998,0.059999999,0.059999999,0.059999999,0.029999999,,
Islas Salomón,SLB,Empleos en agricultura (% del total de empleos),SL.AGR.EMPL.ZS,45.54999924,43.50999832,42.47000122,41.63000107,40.97000122,40.09000015,39.47999954,38.75999832,37.90999985,37.25999832,,
Sierra Leona,SLE,Empleos en agricultura (% del total de empleos),SL.AGR.EMPL.ZS,64.16000366,62.97000122,61.16999817,59.15999985,57.65000153,58.06000137,57.02999878,56.13999939,55.36000061,54.49000168,,
El Salvador,SLV,Empleos en agricultura (% del total de empleos),SL.AGR.EMPL.ZS,20.78000069,21.60000038,20.96999931,19.59000015,18.76000023,18.11000061,18.68000031,18.57999992,16.70999908,16.29000092,,
San Marino,SMR,Empleos en agricultura (% del total de empleos),SL.AGR.EMPL.ZS,,,,,,,,,,,,
Somalia,SOM,Empleos en agricultura (% del total de empleos),SL.AGR.EMPL.ZS,81.83999634,81.68000031,81.56999969,81.43000031,81.26000214,81.01999664,80.81999969,80.69000244,80.48999786,80.27999878,,
Serbia,SRB,Empleos en agricultura (% del total de empleos),SL.AGR.EMPL.ZS,22.34000015,21.21999931,20.96999931,21.29000092,19.86000061,19.40999985,18.61000061,17.21999931,15.93000031,15.60999966,,
África al sur del Sahara (excluido altos ingresos),SSA,Empleos en agricultura (% del total de empleos),SL.AGR.EMPL.ZS,58.17729506,57.45511513,56.69081742,56.17617759,55.35016397,54.61649286,54.30171917,53.81337921,53.32741325,52.89643565,,
Sudán del Sur,SSD,Empleos en agricultura (% del total de empleos),SL.AGR.EMPL.ZS,62.77999878,62.52999878,62.29000092,61.04999924,61.08000183,61.79000092,61.84000015,61.65999985,60.84000015,60.38000107,,
África al sur del Sahara,SSF,Empleos en agricultura (% del total de empleos),SL.AGR.EMPL.ZS,58.17729506,57.45511513,56.69081742,56.17617759,55.35016397,54.61649286,54.30171917,53.81337921,53.32741325,52.89643565,,
Pequeños Estados,SST,Empleos en agricultura (% del total de empleos),SL.AGR.EMPL.ZS,21.26606052,20.8306892,20.45707777,20.27564567,19.9018467,19.33772487,18.7289512,18.53204085,18.25070637,17.86708371,,
Santo Tomé y Príncipe,STP,Empleos en agricultura (% del total de empleos),SL.AGR.EMPL.ZS,24.38999939,23.76000023,23.20000076,22.54000092,21.82999992,21.23999977,20.65999985,20.10000038,19.61000061,19.13999939,,
Suriname,SUR,Empleos en agricultura (% del total de empleos),SL.AGR.EMPL.ZS,8.039999962,7.889999866,7.760000229,7.610000134,7.599999905,7.690000057,8.239999771,8.140000343,8.020000458,8.079999924,,
República Eslovaca,SVK,Empleos en agricultura (% del total de empleos),SL.AGR.EMPL.ZS,3.230000019,3.079999924,3.24000001,3.309999943,3.5,3.180000067,2.890000105,2.710000038,2.289999962,2.789999962,,
Eslovenia,SVN,Empleos en agricultura (% del total de empleos),SL.AGR.EMPL.ZS,8.819999695,8.600000381,8.390000343,8.5,9.630000114,7.079999924,5.019999981,5.559999943,5.480000019,4.28000021,,
Suecia,SWE,Empleos en agricultura (% del total de empleos),SL.AGR.EMPL.ZS,2.099999905,1.99000001,2.059999943,2.029999971,1.980000019,2.039999962,1.889999986,1.830000043,1.730000019,1.690000057,,
Eswatini,SWZ,Empleos en agricultura (% del total de empleos),SL.AGR.EMPL.ZS,15.76000023,15.31999969,14.78999996,14.34000015,13.96000004,13.55000019,13.19999981,12.85999966,12.5,12.14999962,,
Sint Maarten (Dutch part),SXM,Empleos en agricultura (% del total de empleos),SL.AGR.EMPL.ZS,,,,,,,,,,,,
Seychelles,SYC,Empleos en agricultura (% del total de empleos),SL.AGR.EMPL.ZS,,,,,,,,,,,,
República Árabe Siria,SYR,Empleos en agricultura (% del total de empleos),SL.AGR.EMPL.ZS,14.51000023,13.22999954,13.21000004,13.15999985,12.82999992,12.27000046,11.72999954,11.22000027,10.65999985,10.13000011,,
Islas Turcas y Caicos,TCA,Empleos en agricultura (% del total de empleos),SL.AGR.EMPL.ZS,,,,,,,,,,,,
Chad,TCD,Empleos en agricultura (% del total de empleos),SL.AGR.EMPL.ZS,77.15000153,77.04000092,76.48999786,76.11000061,75.65000153,75.37999725,75.61000061,75.63999939,75.38999939,75.05999756,,
Asia oriental y el Pacífico (BIRF y la AIF),TEA,Empleos en agricultura (% del total de empleos),SL.AGR.EMPL.ZS,37.90418443,36.36901071,35.32936488,33.50824971,31.68589608,30.64935964,29.56488493,28.78663618,27.84403201,27.01270248,,
Europa y Asia central (BIRF y la AIF),TEC,Empleos en agricultura (% del total de empleos),SL.AGR.EMPL.ZS,17.57427567,17.48978956,17.08129049,16.8211814,15.68465922,15.40087919,15.02837175,14.52659932,13.97629438,13.61522025,,
Togo,TGO,Empleos en agricultura (% del total de empleos),SL.AGR.EMPL.ZS,44.16999817,43.38999939,42.59000015,41.75999832,40.97000122,38.68000031,36.25999832,33.79000092,33.09999847,32.38000107,,
Tailandia,THA,Empleos en agricultura (% del total de empleos),SL.AGR.EMPL.ZS,38.25,41.00999832,42.13999939,41.75,33.43999863,32.27999878,31.15999985,31.45999908,32.13999939,31.43000031,,
Tayikistán,TJK,Empleos en agricultura (% del total de empleos),SL.AGR.EMPL.ZS,52.54999924,51.75,51.04999924,50.20999908,49.40000153,48.56000137,47.75999832,46.68000031,45.75999832,44.72000122,,
Turkmenistán,TKM,Empleos en agricultura (% del total de empleos),SL.AGR.EMPL.ZS,29.36000061,28.36000061,27.43000031,26.46999931,25.45000076,24.52000046,23.62000084,22.68000031,21.69000053,20.68000031,,
América Latina y el Caribe (BIRF y la AIF),TLA,Empleos en agricultura (% del total de empleos),SL.AGR.EMPL.ZS,15.42312913,15.01081455,14.682424,14.35552621,14.04710881,13.84584758,13.85109404,13.85039879,13.79221624,13.52023522,,
Timor-Leste,TLS,Empleos en agricultura (% del total de empleos),SL.AGR.EMPL.ZS,50.81999969,49.29000092,48.25999832,46.13000107,44.90999985,42.56000137,40.36000061,41.02999878,40.54000092,39.27999878,,
Oriente Medio y Norte de África (BIRF y la AIF),TMN,Empleos en agricultura (% del total de empleos),SL.AGR.EMPL.ZS,23.3240501,23.19137618,22.35137949,22.26608202,21.99125685,21.33197802,21.02077961,20.52396566,19.42714889,18.80314553,,
Tonga,TON,Empleos en agricultura (% del total de empleos),SL.AGR.EMPL.ZS,25.28000069,24.45000076,23.72999954,23.87000084,23.54000092,22.73999977,21.45999908,20.61000061,19.85000038,19.37000084,,
Asia meridional (BIRF y la AIF),TSA,Empleos en agricultura (% del total de empleos),SL.AGR.EMPL.ZS,50.52692133,48.71976468,46.82877144,46.25819459,45.66638815,44.94614451,44.44347145,43.43711644,42.57999322,41.85039355,,
África al sur del Sahara (BIRF y la AIF),TSS,Empleos en agricultura (% del total de empleos),SL.AGR.EMPL.ZS,58.17729506,57.45511513,56.69081742,56.17617759,55.35016397,54.61649286,54.30171917,53.81337921,53.32741325,52.89643565,,
Trinidad y Tobago,TTO,Empleos en agricultura (% del total de empleos),SL.AGR.EMPL.ZS,3.75999999,3.720000029,3.74000001,3.529999971,3.609999895,3.430000067,3.25,3.180000067,3.109999895,3.029999971,,
Túnez,TUN,Empleos en agricultura (% del total de empleos),SL.AGR.EMPL.ZS,17.95000076,16.36000061,17.06999969,15.36999989,14.86999989,14.75,14.77000046,14.81000042,14.27999973,13.80000019,,
Turquía,TUR,Empleos en agricultura (% del total de empleos),SL.AGR.EMPL.ZS,23.70000076,24.15999985,23.55999947,22.92000008,21.09000015,20.40999985,19.5,19.37999916,18.43000031,18.11000061,,
Tuvalu,TUV,Empleos en agricultura (% del total de empleos),SL.AGR.EMPL.ZS,,,,,,,,,,,,
Tanzanía,TZA,Empleos en agricultura (% del total de empleos),SL.AGR.EMPL.ZS,70.38999939,69.76999664,69.30000305,68.69000244,68.05000305,67.48000336,66.86000061,66.23000336,65.66999817,65.08999634,,
Uganda,UGA,Empleos en agricultura (% del total de empleos),SL.AGR.EMPL.ZS,66.83999634,66.44999695,66.13999939,71.91999817,72.38999939,72.26000214,72.41000366,72.68000031,72.44999695,72.12999725,,
Ucrania,UKR,Empleos en agricultura (% del total de empleos),SL.AGR.EMPL.ZS,20.32999992,20.34000015,19.88999939,20.01000023,14.77000046,15.26000023,15.60000038,15.40999985,14.42000008,13.81999969,,
Ingreso mediano alto,UMC,Empleos en agricultura (% del total de empleos),SL.AGR.EMPL.ZS,29.62514509,28.3792422,27.50037426,25.91857901,24.2583889,23.56632198,22.90947563,22.34173399,21.67496367,21.06131967,,
Uruguay,URY,Empleos en agricultura (% del total de empleos),SL.AGR.EMPL.ZS,11.56999969,9.789999962,8.609999657,9.289999962,9.140000343,8.819999695,8.220000267,8.739999771,8.359999657,8.409999847,,
Estados Unidos,USA,Empleos en agricultura (% del total de empleos),SL.AGR.EMPL.ZS,1.419999957,1.450000048,1.379999995,1.320000052,1.350000024,1.440000057,1.429999948,1.429999948,1.370000005,1.360000014,,
Uzbekistán,UZB,Empleos en agricultura (% del total de empleos),SL.AGR.EMPL.ZS,26.80999947,27.09000015,26.60000038,27.17000008,27.53000069,27.57999992,27.42000008,27.14999962,26.64999962,25.70999908,,
San Vicente y las Granadinas,VCT,Empleos en agricultura (% del total de empleos),SL.AGR.EMPL.ZS,12.48999977,12.18999958,11.90999985,11.60999966,11.36999989,11.07999992,10.84000015,10.57999992,10.31999969,10.07999992,,
Venezuela,VEN,Empleos en agricultura (% del total de empleos),SL.AGR.EMPL.ZS,8.279999733,7.989999771,7.659999847,7.449999809,7.329999924,7.329999924,7.400000095,7.449999809,7.539999962,7.860000134,,
Islas Vírgenes Británicas,VGB,Empleos en agricultura (% del total de empleos),SL.AGR.EMPL.ZS,,,,,,,,,,,,
Islas Vírgenes (EE.UU.),VIR,Empleos en agricultura (% del total de empleos),SL.AGR.EMPL.ZS,2.279999971,2.279999971,2.25,2.230000019,2.180000067,2.130000114,2.069999933,2.029999971,1.970000029,1.929999948,,
Viet Nam,VNM,Empleos en agricultura (% del total de empleos),SL.AGR.EMPL.ZS,48.70999908,48.31000137,47.36999893,46.81000137,46.34000015,44.02000046,41.86999893,40.15999985,38.70000076,37.22000122,,
Vanuatu,VUT,Empleos en agricultura (% del total de empleos),SL.AGR.EMPL.ZS,63.83000183,64.09999847,63.79999924,62.88000107,62.41999817,60.61999893,59.41999817,58.56999969,57.63999939,56.77999878,,
Mundo,WLD,Empleos en agricultura (% del total de empleos),SL.AGR.EMPL.ZS,32.99977814,32.02612416,31.13701514,30.32047615,29.40255504,28.80944645,28.28306906,27.74928035,27.15411476,26.68998542,,
Samoa,WSM,Empleos en agricultura (% del total de empleos),SL.AGR.EMPL.ZS,34.54000092,33.79999924,33.95000076,33.93999863,33.09000015,32.33000183,31.76000023,31.40999985,30.85000038,30.20999908,,
Kosovo,XKX,Empleos en agricultura (% del total de empleos),SL.AGR.EMPL.ZS,,,,,,,,,,,,
"Yemen, Rep. del",YEM,Empleos en agricultura (% del total de empleos),SL.AGR.EMPL.ZS,24.11000061,25.87000084,27.01000023,28.02000046,29.25,29.46999931,29.26000023,28.89999962,28.30999947,27.54999924,,
Sudáfrica,ZAF,Empleos en agricultura (% del total de empleos),SL.AGR.EMPL.ZS,4.849999905,4.599999905,4.829999924,4.980000019,4.650000095,5.610000134,5.570000172,5.28000021,5.159999847,5.28000021,,
Zambia,ZMB,Empleos en agricultura (% del total de empleos),SL.AGR.EMPL.ZS,64.33000183,60.43000031,56.02999878,54.47000122,53.27999878,52.27000046,51.36999893,50.70999908,50.11000061,49.63999939,,
Zimbabwe,ZWE,Empleos en agricultura (% del total de empleos),SL.AGR.EMPL.ZS,65.54000092,65.86000061,65.98999786,66.76999664,67.23999786,67.05999756,66.87999725,66.48000336,66.01999664,66.19000244,,
